Radio Stations,,,,,,
,,,,AM,,
Freq,Call Sign,,Location,Genre,url,Streaming url
,,,,,,
,,,,,,
,,,,,,
,,,,,,
,,,,,,
,,,,,,
,,,,,,
,,,,,,
,,,,,,
,,,,,,
,,,,FM,,
Freq,Call,Name,Location,Genre,url,Streaming url
101.3,MyFM,,"Milford, MA","70's, 80's",https://www.myfmtoday.com/,https://ice64.securenetsystems.net/WMRC?playSessionID=59CB2825-7C4B-49EC-80E3CFA3F8587855
106.3,WWKX,The Wolf,CT,70's,,https://26193.live.streamtheworld.com/WMOSFMAAC_SC
99.1,WPLM,Easy FM,"Plymouth, MA",70's ,,https://playerservices.streamtheworld.com/api/livestream-redirect/WPLMFM.mp3
,,,,,,
,,,,,,
,,,,,,
,,,,,,
,,,,,,
,,,,,,
,,,,,,
,,,,,,
,,,,,,
SW,,,,,,
WBCQ,,,Maine,,,
,,,,,,
,,,,,,
,,,,,,
,,,,,,
LW,,,,,,
,,,,,,
,,,,,,
,,,,,,
,,,,,,
Streaming,,,,,,
Technicolor Web Of Sound,,,,,https://www.techwebsound.com/,https://streaming.live365.com/a01650
,,,,,,
,,,,,,
,,,,,,
,,,,,,
Podcast,,,,,,
,,,,,,
,,,,,,
Radio Shows,,,,,,
Floydianslip,Local: The Wolf 106.3 - current - Sat 9am - 10am,,,,https://www.floydianslip.com/index.php,